{"schemaVersion":"1.0","appDefinitionTemplate":{"id":"/providers/Microsoft.PowerApps/apps/","type":"Microsoft.PowerApps/apps","tags":{"primaryDeviceWidth":"1366","primaryDeviceHeight":"768","sienaVersion":"20210415T222432Z-3.21041.29.0","deviceCapabilities":"","supportsPortrait":"false","supportsLandscape":"true","primaryFormFactor":"Tablet","publisherVersion":"3.21041.29","minimumRequiredApiVersion":"2.2.0","hasComponent":"true","hasUnlockedComponent":"true","isUnifiedRootApp":"false"},"properties":{"appVersion":"2021-04-15T22:24:32Z","lifeCycleId":"Published","createdByClientVersion":{"major":3,"minor":21041,"build":29,"revision":0,"majorRevision":0,"minorRevision":0},"minClientVersion":{"major":3,"minor":21041,"build":29,"revision":0,"majorRevision":0,"minorRevision":0},"backgroundColor":"rgba(1, 131, 134, 1)","backgroundImageUri":"/17518078366304328242/N08a09327-7bdb-4b93-8715-05c9e8f3975b-logoSmallFile","displayName":"Solicitud OSCE","description":"","commitMessage":"","appUris":{"documentUri":{"value":"/17518078366304328242/Ne04ff16c-c952-475a-bf03-aad5da9d0324-document.msapp"},"imageUris":[]},"createdTime":"0001-01-01T00:00:00Z","lastModifiedTime":"0001-01-01T00:00:00Z","sharedGroupsCount":0,"sharedUsersCount":0,"icons":{"smallIconUri":"/17518078366304328242/N984a6fb1-392f-42d2-9be6-f081446bf1c0-small.png","mediumIconUri":"/17518078366304328242/N633e7aea-6eb5-4cf8-8b12-9a86a6e5396c-medium.png","largeIconUri":"/17518078366304328242/N58bb1631-c38f-4670-9b77-25394ee320e5-large.png","wideIconUri":"/17518078366304328242/N669d99f5-5c26-4483-9047-61f93859bff0-wide.png"},"connectionReferences":{"ad4be3c2-237b-4aaa-9886-5bed9c4aad2a":{"id":"5467f7a3-f0c8-42d2-b15c-c7abf1f318cd","displayName":"SharePoint","iconUri":"https://connectoricons-prod.azureedge.net/releases/v1.0.1458/1.0.1458.2381/sharepointonline/icon.png","dataSources":["SGC Proveedores","SGC Evaluación Proveedores","SGC Solicitud OSCE","Lideres_PY"],"dependencies":[],"dependents":[],"parameterHints":{},"isOnPremiseConnection":false,"bypassConsent":false,"dataSets":{"https://sgasachile.sharepoint.com/sites/SISTEMAGESTINDECALIDAD":{"dataSources":{"SGC Proveedores":{"tableName":"1505855f-5c9f-4618-a564-989dae83ea3a"},"SGC Evaluación Proveedores":{"tableName":"3c736c92-0133-4e15-8d11-3ae29b58ddbb"},"SGC Solicitud OSCE":{"tableName":"5e28ce05-a33c-4ea7-a83b-3c013e274d14"}}},"https://sgasachile.sharepoint.com/sites/a":{"dataSources":{"Lideres_PY":{"tableName":"286eba16-f0bc-4339-8bdf-e2e40dceee72"}}}},"apiTier":"Standard","isCustomApiConnection":false},"fc82af31-5e47-48dd-b38a-afef2c4356d9":{"id":"c9a85d7a-155a-48c8-9af8-110dba523adf","displayName":"Usuarios de Office 365","iconUri":"https://connectoricons-prod.azureedge.net/releases/v1.0.1460/1.0.1460.2389/office365users/icon.png","dataSources":["UsuariosdeOffice365"],"dependencies":[],"dependents":[],"parameterHints":{},"isOnPremiseConnection":false,"bypassConsent":false,"dataSets":{},"apiTier":"Standard","isCustomApiConnection":false},"873c068a-3070-4155-810e-2530f4d5f3e5":{"id":"19ec9d75-7933-4266-af7b-ba43d4a5c8b7","displayName":"Office 365 Outlook","iconUri":"https://connectoricons-prod.azureedge.net/releases/v1.0.1459/1.0.1459.2387/office365/icon.png","dataSources":["Office365Outlook"],"dependencies":[],"dependents":[],"parameterHints":{},"isOnPremiseConnection":false,"bypassConsent":false,"dataSets":{},"apiTier":"Standard","isCustomApiConnection":false,"actions":["SendEmailV2"]},"591a14ac-d407-40b5-9576-98bdd9655d29":{"id":"5467f7a3-f0c8-42d2-b15c-c7abf1f318cd","displayName":"SharePoint","iconUri":"https://connectoricons-prod.azureedge.net/releases/v1.0.1458/1.0.1458.2381/sharepointonline/icon.png","dataSources":["Listado_py"],"dependencies":[],"dependents":[],"parameterHints":{},"isOnPremiseConnection":false,"bypassConsent":false,"dataSets":{"https://sgasachile.sharepoint.com/sites/SISTEMAGESTINDECALIDAD":{"dataSources":{"Listado_py":{"tableName":"d6e53a07-62c7-4f38-be15-c85ad7d98a97"}}}},"apiTier":"Standard","isCustomApiConnection":false}},"databaseReferences":{},"almMode":"Environment","performanceOptimizationEnabled":true,"canConsumeAppPass":true,"executionRestrictions":{"isTeamsOnly":false,"dataLossPreventionEvaluationResult":{"status":"Compliant","lastEvaluationDate":"2020-11-23T16:15:58.3913764Z","violationDetails":[]}}},"isAppComponentLibrary":false,"appType":"ClassicCanvasApp","appComponents":[]}}